"cell_id","acc_x","acc_y"
"0","0.0","0.0"
"1","0.0","0.0"
"2","0.0","0.0"
"3","0.0","0.0"
"4","0.0","0.0"
"5","0.0","0.0"
"6","0.01625999999999994","0.0043400000000000105"
"7","0.012969999999999926","0.009751250000000017"
"8","0.0","0.0"
"9","0.0","0.0"
"10","0.0","0.0"
"11","0.0","0.0"
"12","0.0","0.0"
"13","0.0","0.0"
"14","0.0","0.0"
"15","0.0","0.0"
"16","0.0","0.0"
"17","0.0","0.0"
"18","0.0","0.0"
"19","0.0","0.0"
"20","0.0","0.0"
"21","0.0","0.0"
"22","0.0","0.0"
"23","0.0","0.0"
"24","0.0","0.0"
"25","0.0","0.0"
"26","0.0","0.0"
"27","0.0","0.0"
"28","0.0","0.0"
"29","0.0","0.0"
"30","0.0","0.0"
"31","0.0","0.0"
"32","0.0","0.0"
"33","0.0","0.0"
"34","0.0","0.0"
"35","0.0","0.0"
"36","0.0","0.0"
"37","0.0","0.0"
"38","0.0","0.0"
"39","4.000000000132786E-4","0.004180000000000295"
"40","0.007049999999992451","0.009519999999999973"
"41","0.005780000000001451","0.005539999999999878"
"42","0.0045250000000010004","0.008750000000000036"
"43","0.008071515151512316","0.007217272727272721"
"44","0.005829999999996005","0.0036600000000001076"
"45","0.0","0.0"
"46","0.0","0.0"
"47","0.0","0.0"
"48","0.0","0.0"
"49","0.0","0.0"
"50","0.0","0.0"
"51","0.0","0.0"
"52","0.00495000000000001","0.017975000000000074"
"53","0.016197499999999643","0.023302499999999893"
"54","0.0","0.0"
"55","0.034959999999998104","0.004289999999999905"
"56","0.004730000000002121","0.004569999999999297"
"57","0.01700999999999908","0.02316999999999969"
"58","0.0","0.0"
"59","0.0","0.0"
"60","0.0","0.0"
"61","0.0","0.0"
"62","0.0","0.0"
"63","0.0","0.0"
"64","0.0","0.0"
"65","0.0","0.0"
"66","0.0","0.0"
"67","0.0","0.0"
"68","0.0","0.0"
"69","0.0","0.0"
"70","0.0","0.0"
"71","0.0","0.0"
"72","0.0","0.0"
"73","0.0","0.0"
"74","0.0","0.0"
"75","0.0","0.0"
"76","0.0","0.0"
"77","0.0","0.0"
"78","0.0","0.0"
"79","0.0","0.0"
"80","0.012929999999997221","0.0032000000000005357"
"81","0.0","0.0"
"82","0.0","0.0"
"83","0.0050699999999939864","0.014596666666666813"
"84","0.0022100000000051523","0.02548000000000039"
"85","0.009450000000001069","0.01075999999999988"
"86","0.005661428571430959","0.014188571428571408"
"87","0.008050000000011437","0.0027050000000001795"
"88","0.0","0.0"
"89","0.0037954545454565196","0.0032413636363636963"
"90","0.003944666666664413","0.003110666666666528"
"91","0.002755238095239693","0.007302380952380883"
"92","0.0","0.0"
"93","0.0","0.0"
"94","0.0","0.0"
"95","0.0","0.0"
"96","0.0","0.0"
"97","0.0","0.0"
"98","0.017037499999999817","0.01013749999999991"
"99","0.015710000000000335","0.016511666666666258"
"100","0.01375999999999955","0.007679999999999687"
"101","0.0","0.0"
"102","0.0","0.0"
"103","0.0","0.0"
"104","0.0","0.0"
"105","0.0","0.0"
"106","0.008960000000001855","0.00873500000000016"
"107","0.0020999999999986585","0.0050800000000004175"
"108","0.0","0.0"
"109","0.0","0.0"
"110","0.0","0.0"
"111","0.0","0.0"
"112","0.0","0.0"
"113","0.0","0.0"
"114","0.0","0.0"
"115","0.0","0.0"
"116","0.0","0.0"
"117","0.0","0.0"
"118","0.0","0.0"
"119","0.0","0.0"
"120","0.0","0.0"
"121","0.0","0.0"
"122","0.0","0.0"
"123","0.003914999999995672","0.014644999999999797"
"124","0.005205000000000126","0.005920000000000147"
"125","0.0015299999999953684","0.017440000000000566"
"126","0.0","0.0"
"127","0.0","0.0"
"128","0.0","0.0"
"129","0.0040600000000097225","0.0023799999999996047"
"130","0.01815999999999936","0.02050166666666679"
"131","0.002779999999987126","0.027670000000000528"
"132","0.0","0.0"
"133","0.024060000000005743","0.017259999999999387"
"134","0.0","0.0"
"135","0.0","0.0"
"136","0.0","0.0"
"137","0.0","0.0"
"138","0.0","0.0"
"139","0.0","0.0"
"140","0.0","0.0"
"141","0.0","0.0"
"142","0.0","0.0"
"143","0.0","0.0"
"144","0.021056666666666352","0.01741500000000003"
"145","0.01888500000000004","0.01684249999999987"
"146","0.003289999999999793","0.008974999999999955"
"147","0.0","0.0"
"148","0.003826666666666275","9.366666666670298E-4"
"149","0.0","0.0"
"150","0.9456699999999962","0.26285999999999987"
"151","0.0","0.0"
"152","0.003739999999996968","0.006230000000000402"
"153","0.003680000000002792","0.0016800000000003479"
"154","0.0","0.0"
"155","0.002580000000005356","0.002340000000000231"
"156","0.006969999999997256","0.0013849999999999696"
"157","0.017420000000001323","0.006079999999999863"
"158","0.007284999999999542","0.005490000000000439"
"159","0.0","0.0"
"160","5.699999999961847E-4","0.004929999999999879"
"161","0.0","0.0"
"162","0.0","0.0"
"163","0.004570000000008179","0.009989999999999277"
"164","0.0","0.0"
"165","0.010729999999995243","0.0025500000000002743"
"166","0.006380000000000052","0.0072899999999993526"
"167","0.00926499999999919","0.013125000000001386"
"168","0.004853999999998848","0.00717200000000009"
"169","0.00871999999999673","0.002660000000000551"
"170","0.013524999999997789","0.025905000000000733"
"171","0.0018799999999927763","0.003320000000001322"
"172","0.009426666666662697","0.01138666666666636"
"173","0.007314999999991301","0.019375000000000142"
"174","0.014998000000002776","0.017099999999999938"
"175","0.017298333333331566","0.02359333333333306"
"176","0.027796666666664766","0.03716666666666679"
"177","0.0","0.0"
"178","0.0014600000000086766","0.020310000000000716"
"179","0.0018050000000116029","0.0040800000000000836"
"180","0.0","0.0"
"181","0.0073400000000063415","0.00912999999999986"
"182","0.0026299999999963575","0.012849999999999362"
"183","0.0","0.0"
"184","0.0","0.0"
"185","0.0","0.0"
"186","0.0","0.0"
"187","0.0","0.0"
"188","0.0","0.0"
"189","0.0","0.0"
"190","0.0","0.0"
"191","0.009830000000000005","0.007194999999999396"
"192","0.003120000000002676","0.0026799999999997937"
"193","0.0019799999999978724","0.014069999999998473"
"194","0.007769999999999537","0.005280000000000247"
"195","0.012518000000000385","0.017781999999999343"
"196","0.008290000000001166","0.018963333333332482"
"197","0.0","0.0"
"198","0.0","0.0"
"199","0.0","0.0"
"200","0.0","0.0"
"201","0.0","0.0"
"202","0.0","0.0"
"203","0.0","0.0"
"204","0.0","0.0"
"205","0.0","0.0"
"206","0.0","0.0"
"207","0.0","0.0"
"208","0.0","0.0"
"209","0.0","0.0"
"210","0.0","0.0"
"211","0.0","0.0"
"212","0.0","0.0"
"213","0.005720000000001353","0.015780000000000054"
"214","0.0","0.0"
"215","0.03170000000000783","0.015170000000001238"
"216","0.003464999999998497","0.007724999999998872"
"217","0.07563999999999282","0.022510000000000474"
"218","0.0","0.0"
"219","0.0","0.0"
"220","0.022084999999997024","0.02894000000000041"
"221","0.03888500000001471","0.033365000000000755"
"222","0.0","0.0"
"223","0.0","0.0"
"224","0.0","0.0"
"225","0.0","0.0"
"226","0.02754333333333629","0.015203333333332717"
"227","8.700000000061436E-4","0.005099999999998772"
"228","0.006979999999984443","0.02099999999999902"
"229","0.0","0.0"
"230","0.0","0.0"
"231","0.0","0.0"
"232","0.0","0.0"
"233","0.0","0.0"
"234","0.0","0.0"
"235","0.015627333333333344","0.013475333333333594"
"236","0.021330000000000293","0.008890000000000065"
"237","0.0113850000000002","0.0045799999999998064"
"238","0.012973333333332763","0.006050000000000703"
"239","0.024477777777777574","0.01464111111111066"
"240","0.014085000000000236","0.015856874999999993"
"241","0.016684999999999544","0.007188333333333278"
"242","0.025719999999997967","0.0014900000000004354"
"243","0.0","0.0"
"244","0.0","0.0"
"245","0.0","0.0"
"246","0.0","0.0"
"247","0.0","0.0"
"248","0.0","0.0"
"249","0.0","0.0"
"250","0.0","0.0"
"251","0.0","0.0"
"252","0.0","0.0"
"253","0.0","0.0"
"254","0.0","0.0"
"255","0.015390000000003567","5.500000000004945E-4"
"256","0.007995000000001085","0.03396500000000202"
"257","0.007059999999995625","0.00735000000000241"
"258","0.014400000000001967","0.0029766666666664796"
"259","0.0","0.0"
"260","0.0","0.0"
"261","0.0","0.0"
"262","0.0","0.0"
"263","0.0","0.0"
"264","0.0","0.0"
"265","0.012659999999996785","0.007599999999999163"
"266","0.04948000000000263","0.01538000000000217"
"267","0.0043000000000148475","0.002669999999998396"
"268","0.0","0.0"
"269","0.0","0.0"
"270","0.0","0.0"
"271","0.0","0.0"
"272","0.0","0.0"
"273","0.018240000000005807","0.020509999999999806"
"274","0.026463333333334543","0.014353333333332921"
"275","0.0","0.0"
"276","0.0","0.0"
"277","0.0","0.0"
"278","0.0","0.0"
"279","0.0","0.0"
"280","0.0","0.0"
"281","0.0","0.0"
"282","0.0","0.0"
"283","0.016700000000001047","3.0999999999892225E-4"
"284","0.013198750000000037","0.004835000000000367"
"285","0.007116842105262942","0.0061105263157892565"
"286","0.020417142857142793","0.02095952380952402"
"287","0.011086923076923529","0.010245384615384951"
"288","0.0","0.0"
"289","0.016269999999996898","0.008519999999998973"
"290","0.005439999999997447","0.018545000000000478"
"291","0.0","0.0"
"292","0.0","0.0"
"293","0.008340000000004011","0.005619999999998626"
"294","0.0029249999999994003","0.004535000000000622"
"295","0.0","0.0"
"296","0.0","0.0"
"297","0.004915000000000447","0.01064499999999935"
"298","0.006965000000000998","0.01083999999999996"
"299","0.00616499999999931","0.023759999999999337"
"300","0.005965000000003329","0.007135000000001668"
"301","0.0","0.0"
"302","0.0","0.0"
"303","0.015985000000000582","0.013839999999999186"
"304","0.0","0.0"
"305","0.0","0.0"
"306","0.003434999999999633","0.001914999999999445"
"307","0.006180000000000518","9.89999999998048E-4"
"308","0.00428333333332868","0.0033700000000015016"
"309","0.010080000000002087","0.005840000000000067"
"310","0.005335000000005863","0.002349999999998964"
"311","0.0","0.0"
"312","0.0","0.0"
"313","0.0","0.0"
"314","0.0","0.0"
"315","0.0","0.0"
"316","0.0","0.0"
"317","0.0","0.0"
"318","0.0","0.0"
"319","0.019015000000003113","0.00874500000000289"
"320","0.015585000000005067","0.006219999999999892"
"321","0.0","0.0"
"322","0.0","0.0"
"323","0.0","0.0"
"324","0.0","0.0"
"325","0.0","0.0"
"326","0.0","0.0"
"327","0.0","0.0"
"328","0.0","0.0"
"329","0.0","0.0"
"330","0.0","0.0"
"331","0.0","0.0"
"332","0.10221999999999909","0.09317000000000064"
"333","0.019066521739130517","0.00723478260869586"
"334","0.011612399999999993","0.009735600000000488"
"335","0.011830000000001561","3.6999999999842714E-4"
"336","0.012664000000000541","0.006927999999999557"
"337","0.009251000000000075","0.009292999999999375"
"338","0.009064999999998768","0.008429999999999715"
"339","0.010643333333333635","0.009633333333333383"
"340","0.01139400000000208","0.03204199999999986"
"341","8.499999999997954E-4","0.017049999999999343"
"342","0.00446999999999953","0.009545000000002801"
"343","0.00990625000000156","0.021774999999999656"
"344","0.08926999999999907","0.004779999999998452"
"345","0.0","0.0"
"346","9.999999996068709E-6","0.0043900000000025585"
"347","0.0050600000000002865","0.012109999999999843"
"348","0.00873000000000701","0.003200000000001424"
"349","0.007699999999996265","0.00495000000000001"
"350","0.0047716666666678025","0.00596666666666638"
"351","0.004449999999998511","0.005610000000000781"
"352","0.004359999999996589","0.0036799999999987953"
"353","0.006109999999999616","0.009019999999999584"
"354","0.0","0.0"
"355","0.0","0.0"
"356","0.0","0.0"
"357","0.013759999999994221","0.003469999999999196"
"358","0.0","0.0"
"359","0.0","0.0"
"360","0.011100000000006105","0.004410000000001801"
"361","0.0","0.0"
"362","0.02019333333333388","0.02934000000000066"
"363","0.12094749999999621","0.06800500000000076"
"364","0.0","0.0"
"365","0.0","0.0"
"366","0.0","0.0"
"367","0.004265999999995529","0.004445999999999728"
"368","0.0","0.0"
"369","0.0","0.0"
"370","0.0","0.0"
"371","0.0","0.0"
"372","0.0","0.0"
"373","0.0","0.0"
"374","0.0","0.0"
"375","0.0","0.0"
"376","0.0","0.0"
"377","0.0","0.0"
"378","0.0","0.0"
"379","0.005054285714285837","0.003182857142856805"
"380","0.00876612903225792","0.01504096774193559"
"381","0.008841666666666526","0.009105416666666163"
"382","0.016511249999999977","0.008927500000000643"
"383","0.01923818181818181","0.010399090909091252"
"384","0.007564999999999378","0.010776249999998821"
"385","0.011036363636363754","0.013765454545455342"
"386","0.017819999999999208","0.007546666666667552"
"387","0.03616750000000035","0.027987499999999166"
"388","0.014466666666667294","0.00816666666666658"
"389","0.00765000000000029","0.01571000000000069"
"390","0.06136999999999896","0.030419999999999447"
"391","0.04222999999999999","0.033462500000001505"
"392","0.003885999999998546","0.005087999999999227"
"393","0.004919999999999902","0.0059639999999994584"
"394","0.0044616666666653275","0.0035650000000012247"
"395","0.00405799999999914","0.004830000000001178"
"396","0.0026199999999931833","8.800000000057651E-4"
"397","0.0","0.0"
"398","0.0","0.0"
"399","0.0","0.0"
"400","0.0","0.0"
"401","0.0028500000000022396","0.011870000000001824"
"402","0.006200000000006867","0.007139999999999702"
"403","4.000000000061732E-4","0.0021900000000023567"
"404","3.100000000060277E-4","0.0022600000000032594"
"405","0.009445000000006587","0.004664999999997477"
"406","0.019015000000006665","0.015480000000003713"
"407","0.002539999999996212","0.016039999999996724"
"408","0.0018199999999950478","0.00741999999999976"
"409","0.002959999999987417","0.023419999999997998"
"410","0.0","0.0"
"411","0.0284933333333323","0.02327666666666713"
"412","0.04774333333333184","0.029108333333333885"
"413","0.007345000000006152","0.00964499999999946"
"414","0.0018000000000029104","0.021370000000001"
"415","0.0","0.0"
"416","0.0","0.0"
"417","0.0","0.0"
"418","0.0","0.0"
"419","0.0","0.0"
"420","0.0","0.0"
"421","0.0","0.0"
"422","0.0","0.0"
"423","0.0","0.0"
"424","0.0","0.0"
"425","0.021184999999999565","0.01124499999999884"
"426","0.006789999999999896","0.004256999999999423"
"427","0.005875454545454805","0.004669999999999549"
"428","0.010474499999999854","0.015308499999999725"
"429","0.005573636363636341","0.007637727272727188"
"430","0.007000666666666433","0.008528666666666613"
"431","0.011426000000000276","0.015893333333333478"
"432","0.00505000000000027","0.006424444444443999"
"433","0.00728941176470578","0.008524117647057954"
"434","0.012358888888889178","0.010787777777778333"
"435","0.024951250000000424","0.013036249999998972"
"436","0.019651999999999246","0.01573200000000128"
"437","0.004098999999999719","0.004975000000000307"
"438","0.0059566666666667585","0.006801666666667335"
"439","0.007680000000000575","0.0015000000000036096"
"440","0.010094999999992638","0.00313999999999659"
"441","0.0","0.0"
"442","0.010219999999993234","0.005115000000001757"
"443","0.008847142857145432","0.0038885714285708923"
"444","0.0042766666666622655","0.0023433333333310693"
"445","0.004807499999998299","0.004447499999998605"
"446","0.003809999999999055","0.007239999999999469"
"447","0.009226666666665531","0.0024833333333328747"
"448","0.01808000000000476","0.003400000000002734"
"449","0.0105499999999914","0.006635000000001057"
"450","0.0","0.0"
"451","0.0","0.0"
"452","0.0","0.0"
"453","0.0","0.0"
"454","0.0","0.0"
"455","0.0","0.0"
"456","0.0","0.0"
"457","0.0","0.0"
"458","0.030067999999999984","0.01766800000000046"
"459","0.005507777777771771","0.008637777777777621"
"460","0.015722000000008052","0.016761999999999944"
"461","0.0","0.0"
"462","0.0","0.0"
"463","0.0","0.0"
"464","0.0","0.0"
"465","0.0","0.0"
"466","0.0","0.0"
"467","0.0","0.0"
"468","0.0","0.0"
"469","0.0","0.0"
"470","0.0","0.0"
"471","0.008699000000000057","0.007375999999999295"
"472","0.0046600000000003305","0.004484999999998962"
"473","0.005915000000001225","0.007310000000000372"
"474","0.01539833333333244","0.020896666666666636"
"475","0.007828333333333623","0.01039500000000082"
"476","0.00865333333333318","0.013858333333332714"
"477","0.007133999999999574","0.004667999999999495"
"478","0.00903199999999913","0.011959999999999128"
"479","7.500000000000284E-4","0.0012999999999969702"
"480","0.00395499999999771","0.001520000000001076"
"481","0.003519999999999714","0.00535714285714306"
"482","0.006006","0.005721999999999383"
"483","0.01021193548387104","0.009435161290323065"
"484","0.0","0.0"
"485","0.0","0.0"
"486","0.21157999999999788","0.0030400000000003757"
"487","0.0","0.0"
"488","0.001570000000008065","0.0012399999999992417"
"489","0.002853333333331894","0.0042033333333340766"
"490","0.00257333333333302","0.006659999999998926"
"491","0.010589999999993438","0.003349999999993969"
"492","0.005338000000003262","0.002640000000000242"
"493","0.02125000000000199","0.006250000000001421"
"494","0.0","0.0"
"495","0.007470000000004973","0.0020500000000005514"
"496","7.700000000099294E-4","0.004320000000003432"
"497","0.0","0.0"
"498","0.0","0.0"
"499","0.0","0.0"
"500","0.0","0.0"
"501","0.005886999999999176","0.01674999999999933"
"502","0.0","0.0"
"503","0.0","0.0"
"504","0.0","0.0"
"505","0.023022000000003116","0.008767999999999887"
"506","0.016940000000005284","0.0012299999999960676"
"507","0.00834333333332419","0.018256666666667105"
"508","0.009601666666668507","0.00868499999999924"
"509","0.003475000000001671","0.004662500000000236"
"510","0.0","0.0"
"511","0.0","0.0"
"512","0.0","0.0"
"513","0.0","0.0"
"514","0.0","0.0"
"515","0.0","0.0"
"516","0.0","0.0"
"517","0.0","0.0"
"518","0.01400749999999984","0.07765250000000012"
"519","0.016931999999999548","0.05224800000000016"
"520","0.015766000000000523","0.024183999999998207"
"521","0.004150000000000276","0.011029999999999873"
"522","0.013627142857143124","0.009895714285713706"
"523","0.009909999999999641","0.006830000000004333"
"524","0.006290000000000351","0.012949999999999129"
"525","0.007796000000000092","0.007161999999998869"
"526","5.199999999980776E-4","0.0037299999999973465"
"527","0.0","0.0"
"528","0.0198500000000017","0.05527000000000015"
"529","0.0","0.0"
"530","0.004111249999999789","0.007565000000000932"
"531","0.0046983333333331006","0.0068866666666664855"
"532","0.07436666666666743","0.007416666666666553"
"533","0.040146666666665","0.006965000000000406"
"534","0.016357999999998186","0.005960000000001031"
"535","0.0","0.0"
"536","0.0","0.0"
"537","0.0","0.0"
"538","0.0","0.0"
"539","0.0","0.0"
"540","0.004350000000005849","0.007530000000000925"
"541","4.099999999951365E-4","0.008880000000001331"
"542","0.0","0.0"
"543","0.0","0.0"
"544","0.0","0.0"
"545","0.0","0.0"
"546","0.0","0.0"
"547","0.0","0.0"
"548","0.009269999999999485","0.010080909090910174"
"549","0.0","0.0"
"550","0.0025849999999962847","0.005789999999997519"
"551","0.015095454545456992","0.017455454545454527"
"552","0.025133333333331603","0.012925000000000372"
"553","0.0","0.0"
"554","0.020877500000000992","0.007975000000000954"
"555","0.01291249999999522","0.013577499999999354"
"556","0.0","0.0"
"557","0.0","0.0"
"558","0.0","0.0"
"559","0.0","0.0"
"560","0.0","0.0"
"561","0.0","0.0"
"562","0.0","0.0"
"563","0.0","0.0"
"564","0.027433913043478298","-0.019212608695652826"
"565","0.006619999999999848","0.009037500000001586"
"566","0.035710000000000054","0.03439166666666793"
"567","0.027708888888888932","-0.019072222222222577"
"568","0.029980000000000118","-0.0034949999999991377"
"569","0.019994999999999763","1.8500000000010175E-4"
"570","0.010388000000000374","-0.0014719999999996958"
"571","0.0","0.0"
"572","0.005625000000000213","-0.003504999999998759"
"573","0.01238000000000028","0.012700000000002376"
"574","0.009300000000001418","0.01778499999999994"
"575","0.02487000000000113","0.017486666666667833"
"576","0.01269111111111185","-0.008353333333332892"
"577","0.0208807692307688","-0.022399230769231337"
"578","0.0021700000000013375","-0.004584999999998729"
"579","0.007989999999999498","0.006695000000000562"
"580","0.0","0.0"
"581","0.0","0.0"
"582","0.013414999999994848","0.0024699999999970856"
"583","0.006500000000000246","0.004686666666665691"
"584","0.011594999999998024","-0.008367500000001193"
"585","0.004415000000001612","0.003954999999999487"
"586","0.006104999999999805","0.0069075000000005105"
"587","0.009570000000000078","0.004769999999998831"
"588","0.003350000000004627","-0.003259999999997376"
"589","0.0","0.0"
"590","0.007290000000004682","-0.005150000000000432"
"591","0.0","0.0"
"592","0.0","0.0"
"593","0.0","0.0"
"594","0.0","0.0"
"595","0.004547999999998354","-0.0035719999999990646"
"596","0.007155000000004463","0.0072899999999993526"
"597","0.006982500000003","0.010919999999999597"
"598","0.0","0.0"
"599","0.02957800000000077","0.020815999999999946"
"600","0.013793333333329846","-0.011776666666667287"
"601","0.026219999999995025","0.02564000000000277"
"602","0.012590000000024304","0.010884999999998257"
"603","0.009785000000007926","-0.0029050000000001575"
"604","0.0","0.0"
"605","0.0","0.0"
"606","0.0","0.0"
"607","0.0","0.0"
"608","0.0","0.0"
"609","0.0","0.0"
"610","0.0","0.0"
"611","0.01870529411764705","-0.018715882352941717"
"612","0.0","0.0"
"613","0.019266000000000005","-0.022202000000000055"
"614","0.015611333333333317","-0.01927266666666654"
"615","0.01987692307692287","-0.016475384615384805"
"616","0.011122857142857476","-0.010509523809523677"
"617","0.008938000000000113","-0.00618150000000064"
"618","0.005600000000000271","-0.03366000000000113"
"619","0.011504999999999654","-0.028915000000002244"
"620","0.0","0.0"
"621","0.0","0.0"
"622","0.008050000000000779","-0.0074299999999993815"
"623","0.017224666666666385","-0.02937199999999957"
"624","0.01151750000000007","-0.013682500000000708"
"625","0.0","0.0"
"626","0.017549999999999955","-0.028780000000001138"
"627","0.0","0.0"
"628","0.006809999999999168","-0.0047933333333354256"
"629","0.0","0.0"
"630","0.00543000000000049","-0.001620000000000843"
"631","0.0","0.0"
"632","0.0","0.0"
"633","0.0","0.0"
"634","0.0","0.0"
"635","0.0","0.0"
"636","0.0","0.0"
"637","2.0499999999756824E-4","-0.009560000000000457"
"638","0.0024099999999975807","-0.007009999999997518"
"639","0.0","0.0"
"640","0.003725000000002865","-0.014065000000000438"
"641","0.0053700000000015775","-0.004933333333332494"
"642","0.004743125000000514","-0.006277499999999492"
"643","0.006940000000000168","-0.008325000000001026"
"644","0.0","0.0"
"645","0.00907000000000835","-0.01705000000000112"
"646","9.500000000173259E-4","-0.006370000000000431"
"647","0.021469999999998397","-0.013839999999999483"
"648","0.017499999999998295","-0.00274999999999892"
"649","0.0","0.0"
"650","0.0022749999999973625","-0.003040000000002152"
"651","0.0","0.0"
"652","0.0","0.0"
"653","0.0","0.0"
"654","0.0","0.0"
"655","0.0","0.0"
"656","0.0","0.0"
"657","0.0","0.0"
"658","0.020228333333333327","-0.03367666666666658"
"659","0.0","0.0"
"660","0.016597999999999936","-0.041906999999999785"
"661","0.013720357142857052","-0.018776071428571024"
"662","0.007292500000000146","-0.004097499999999421"
"663","0.004639999999998423","-0.006169999999997344"
"664","0.008270833333333302","-0.015092499999999731"
"665","0.009439444444444531","-0.008472777777776762"
"666","0.016458749999999744","-0.01438750000000022"
"667","0.0018399999999996197","-0.006869999999995713"
"668","0.0","0.0"
"669","0.0","0.0"
"670","0.01478999999999786","-0.017486666666667833"
"671","0.010079999999998535","-0.0071000000000012164"
"672","0.01162500000000044","-0.010667500000001162"
"673","0.06127555555555494","-0.024202222222222187"
"674","0.0023642857142860407","-0.009311428571428288"
"675","0.0","0.0"
"676","0.0","0.0"
"677","0.006929999999996994","-0.017019999999998703"
"678","0.010910000000000863","-0.0014474999999993798"
"679","0.0","0.0"
"680","0.004559999999997899","-0.002279999999995397"
"681","0.002169999999999561","-0.0021100000000018326"
"682","0.0058000000000006935","-0.0027299999999961244"
"683","0.0","0.0"
"684","0.007629999999998915","-0.02131999999999934"
"685","0.0036099999999971524","-0.007419999999997391"
"686","0.01036500000000018","-0.011224999999999596"
"687","0.0","0.0"
"688","0.025390000000008683","-0.004980000000003315"
"689","0.01886500000000524","-0.009419999999998652"
"690","0.0","0.0"
"691","0.0","0.0"
"692","0.0","0.0"
"693","0.0","0.0"
"694","0.0","0.0"
"695","0.009466666666668289","-0.03403333333333336"
"696","1.0000000003174137E-5","-0.016259999999999053"
"697","0.010459999999994807","-0.0040099999999974045"
"698","0.002110000000008938","-0.020794999999999675"
"699","0.006754615384613553","-0.008140769230769306"
"700","0.0","0.0"
"701","0.0","0.0"
"702","0.0","0.0"
"703","0.0","0.0"
"704","0.00408000000000186","-0.012129999999999086"
"705","0.0334466666666667","-0.0370700000000023"
"706","0.010370000000000212","-0.015394999999999825"
"707","0.01727875000000012","-0.027072499999999167"
"708","0.0089203571428572","-0.010894464285714469"
"709","0.031222500000000597","-0.038097499999996565"
"710","0.012927647058823452","-0.020017058823530012"
"711","0.009887714285714161","-0.011200857142857502"
"712","0.027956206896551462","-0.4630582758620692"
"713","0.050842499999999125","-0.05108437499999963"
"714","0.013322857142856748","-0.009494285714284598"
"715","0.03154363636363558","-0.017023636363637188"
"716","0.002450000000003172","-0.007290000000001129"
"717","0.00895166666666706","-0.013081666666668212"
"718","0.008677777777778081","-0.004628888888888917"
"719","0.004230909090909437","-0.004034545454544191"
"720","0.00478999999999985","-9.999999999621423E-6"
"721","0.007229999999998071","-0.0031575000000003683"
"722","0.006920000000008031","-0.0019800000000032014"
"723","0.024809999999995114","-0.009759999999999991"
"724","0.0026500000000027057","-0.007909999999998973"
"725","0.010144000000001086","-0.005931999999997828"
"726","0.01568999999999754","-0.020599999999999064"
"727","0.016457500000001346","-0.0066475000000005835"
"728","0.007157499999996375","-0.010509999999999131"
"729","0.007986666666669842","-0.002460000000000425"
"730","0.0","0.0"
"731","0.001999999999995339","-0.001519999999995747"
"732","0.0","0.0"
"733","0.0","0.0"
"734","0.0","0.0"
"735","0.0","0.0"
"736","0.0","0.0"
"737","0.006749999999996703","-0.008850000000000099"
"738","0.0","0.0"
"739","0.0","0.0"
"740","0.0","0.0"
"741","0.0","0.0"
"742","0.0","0.0"
"743","0.003520000000001744","-0.007004999999999484"
"744","0.015815000000003465","-0.02312000000000225"
"745","0.0","0.0"
"746","0.0026900000000040338","-0.007132000000000716"
"747","0.0","0.0"
"748","0.0","0.0"
"749","0.0","0.0"
"750","0.0","0.0"
"751","0.0","0.0"
"752","0.04224384615384613","-0.0294553846153856"
"753","0.0039199999999999235","-0.017969999999994712"
"754","0.007935277777777718","-0.006918055555556555"
"755","0.16316600000000006","-0.5542539999999998"
"756","0.019338888888889214","-0.03292111111111259"
"757","0.004147333333333354","-0.005742000000000284"
"758","0.1775542424242423","-0.027402121212120684"
"759","0.0198558823529414","-0.03658470588235244"
"760","0.048813888888888414","-0.029126666666667314"
"761","0.02003222222222334","-0.029264444444442636"
"762","0.016263333333333838","-0.013376666666665137"
"763","0.018596666666666078","-0.009373333333334935"
"764","0.013051666666666684","-0.01536166666666657"
"765","0.011889999999998579","-0.010385000000000134"
"766","0.008137499999999243","-0.013447500000005164"
"767","0.004709999999995773","-0.004959999999996967"
"768","0.006677999999998008","-0.00541600000000102"
"769","0.0","0.0"
"770","0.0","0.0"
"771","0.0","0.0"
"772","0.0","0.0"
"773","0.0","0.0"
"774","0.0","0.0"
"775","0.0","0.0"
"776","0.012549999999997397","-0.006460000000004129"
"777","0.006549999999990064","-0.00226999999998867"
"778","0.004749999999994259","-0.00337000000000387"
"779","0.004776666666667022","-0.007130000000003633"
"780","0.01219000000000392","-0.0026500000000027057"
"781","0.006379999999992947","-0.011799999999993815"
"782","0.042930000000005464","-9.399999999999409E-4"
"783","0.0053000000000054115","-0.006740000000000634"
"784","0.005030000000004975","-0.0027100000000004343"
"785","0.004200000000011528","-0.023450000000003968"
"786","0.0","0.0"
"787","0.0","0.0"
"788","0.0","0.0"
"789","0.002661290322583267","-0.0036354838709683228"
"790","0.0","0.0"
"791","0.0","0.0"
"792","0.0","0.0"
"793","0.004368571428569469","-0.0028703571428567087"
"794","0.0036876470588237333","-0.003654117647060088"
"795","0.0","0.0"
"796","0.0","0.0"
"797","0.0","0.0"
"798","0.0","0.0"
"799","0.012410000000000254","-0.028649999999998954"
"800","0.0","0.0"
"801","0.0","0.0"
"802","0.004729999999998569","-0.0012900000000044543"
"803","0.013419999999999987","-0.021000000000000796"
"804","0.0","0.0"
"805","0.0","0.0"
"806","0.019069999999997478","-3.5999999999347665E-4"
"807","0.045510000000000696","-0.03136649999999967"
"808","0.01680769230769112","-0.022971538461539227"
"809","0.012308000000000163","-0.009019999999999584"
"810","0.01597500000000185","-0.008297500000001179"
"811","0.007093333333333618","-0.019280000000001962"
"812","0.0031949999999980605","-0.016415000000002067"
"813","0.012699999999998823","-0.02259999999998996"
"814","0.020830000000000126","-0.03947999999999752"
"815","0.01256999999999664","-0.01290000000000191"
"816","0.016820000000000352","-0.01202333333333172"
"817","0.008800000000000807","-0.010259999999998826"
"818","0.010950000000001125","-3.0000000002416982E-5"
"819","0.007845000000006763","-0.001205000000002343"
"820","0.0019399999999976103","-0.008599999999994168"
"821","0.018180000000000973","-0.006179999999996966"
"822","0.009749999999996817","-6.000000000057071E-4"
"823","0.010750000000008697","-0.008459999999999468"
"824","0.01919499999999985","-0.004934999999996137"
"825","5.60000000000116E-4","-0.0062399999999911415"
"826","0.0010199999999898068","-2.2999999999484544E-4"
"827","0.002279999999991844","-0.0016999999999995907"
"828","4.800000000031446E-4","-0.007490000000011321"
"829","0.0","0.0"
"830","0.0","0.0"
"831","0.0","0.0"
"832","0.07072999999999752","-0.0032500000000013074"
"833","0.007329999999996062","-0.009234999999996774"
"834","0.0","0.0"
"835","0.0","0.0"
"836","0.004480000000000928","-0.012899999999994805"
"837","0.007170000000002119","-0.017579999999995266"
"838","0.0","0.0"
"839","0.01971999999999241","-0.03289000000000897"
"840","0.0","0.0"
"841","0.0","0.0"
"842","0.0","0.0"
"843","0.0","0.0"
"844","0.0","0.0"
"845","0.0","0.0"
"846","0.0","0.0"
"847","0.027800000000000047","-0.024216666666667663"
"848","0.00988999999999951","-0.020309999999994943"
"849","0.0","0.0"
"850","0.00517999999999752","-0.0038599999999959778"
"851","0.0","0.0"
"852","0.0","0.0"
"853","0.0","0.0"
"854","0.012942500000000301","-0.030764166666668185"
"855","0.0","0.0"
"856","0.0","0.0"
"857","0.0","0.0"
"858","0.0","0.0"
"859","0.00836999999999577","-0.011069999999996583"
"860","0.0","0.0"
"861","0.0","0.0"
"862","0.0","0.0"
"863","0.0","0.0"
"864","0.01502999999999588","-0.005629999999996471"
"865","0.017650000000003274","-0.023189999999992494"
"866","0.0","0.0"
"867","0.0","0.0"
"868","0.0","0.0"
"869","0.0","0.0"
"870","0.0","0.0"
"871","0.0083100000000087","-0.008140000000004477"
"872","0.0","0.0"
"873","0.0","0.0"
"874","0.010055000000001257","-0.010575000000002888"
"875","0.018279999999997187","-0.0022599999999997067"
"876","0.012660000000001522","-0.009229999999999924"
"877","0.0036833333333324467","-0.002996666666668091"
"878","0.018330000000005953","-0.007609999999999673"
"879","0.01948250000000229","-0.009167500000000217"
"880","0.0030399999999843885","-0.010719999999999175"
"881","0.004589999999993211","-0.004350000000009402"
"882","0.008793333333329656","-0.0038599999999959778"
"883","0.0014400000000023283","-0.011029999999990991"
"884","0.0","0.0"
"885","0.0","0.0"
"886","0.0","0.0"
"887","0.0","0.0"
"888","0.0","0.0"
"889","0.0","0.0"
"890","0.0","0.0"
"891","0.0","0.0"
"892","0.0","0.0"
"893","0.0","0.0"
"894","0.0","0.0"
"895","0.014520000000000088","-0.06170999999999793"
"896","0.011079999999999757","-0.02532999999999319"
"897","0.01413249999999966","-0.013302500000003548"
"898","0.007464999999999833","-0.0012100000000003774"
"899","0.0064599999999988","-0.0066599999999965576"
"900","0.012050000000000338","-0.0024900000000016576"
"901","0.0","0.0"
"902","0.0","0.0"
"903","0.0","0.0"
"904","0.0","0.0"
"905","0.002316923076921722","-0.003140769230768661"
"906","0.0","0.0"
"907","0.052479999999999194","-0.01525999999999783"
"908","0.029460000000003816","-0.014860000000005869"
"909","0.0","0.0"
"910","0.0","0.0"
"911","0.0","0.0"
"912","0.0022400000000075693","-0.008890000000000953"
"913","0.014219999999999308","-0.009133333333333363"
"914","0.0014299999999991542","-0.022979999999996892"
"915","0.0","0.0"
"916","0.0","0.0"
"917","0.0","0.0"
"918","0.0","0.0"
"919","0.0","0.0"
"920","0.0","0.0"
"921","0.0","0.0"
"922","0.0","0.0"
"923","0.0","0.0"
"924","0.0031199999999955708","-0.0024249999999987892"
"925","0.0","0.0"
"926","0.007213000000000136","-0.01609200000000115"
"927","0.0","0.0"
"928","0.0","0.0"
"929","0.0","0.0"
"930","0.014405000000003554","-0.002849999999998687"
"931","0.009879999999995448","-0.009419999999998652"
"932","0.0","0.0"
"933","0.0","0.0"
"934","0.0","0.0"
"935","0.0","0.0"
"936","0.0","0.0"
"937","0.0","0.0"
"938","0.00595500000000726","-0.003990000000001714"
"939","0.0","0.0"
"940","0.0","0.0"
"941","0.0","0.0"
"942","0.0","0.0"
"943","0.031188888888888735","-0.01869222222222157"
"944","0.03307999999999949","-0.03097142857142846"
"945","0.01491333333333363","-0.009396666666667386"
"946","0.016759999999999664","-0.019889999999996633"
"947","0.0023700000000008714","-0.004630000000005907"
"948","0.007350000000000634","-0.0067149999999998045"
"949","0.006575000000001552","-0.006799999999998363"
"950","0.012070000000001357","-0.006889999999994956"
"951","0.0022900000000021237","-0.002529999999993038"
"952","0.005044999999999078","-0.008454999999997881"
"953","0.00409999999999755","-0.010399999999997078"
"954","0.010825000000002305","-0.005810000000003868"
"955","0.0","0.0"
"956","0.016419999999998325","-0.020899999999997476"
"957","0.008503333333332344","-0.011799999999998553"
"958","0.011220000000001562","-0.007739999999998304"
"959","0.0","0.0"
"960","0.0","0.0"
"961","0.0053450000000019315","-0.011950000000002348"
"962","0.008179999999995857","-6.000000000057071E-4"
"963","0.001769999999993388","-0.0097199999999944"
"964","0.0","0.0"
"965","0.0","0.0"
"966","0.0","0.0"
"967","0.005040000000001044","-6.999999999379725E-5"
"968","0.01033999999999935","-0.0014499999999912916"
"969","0.008279999999992071","-0.013830000000005782"
"970","0.009610000000002117","-0.008354999999998114"
"971","0.0037200000000083833","-0.013300000000008083"
"972","0.0","0.0"
"973","0.0","0.0"
"974","0.002840000000006171","-0.00809999999999178"
"975","0.01298999999999495","-0.008410000000008466"
"976","0.0","0.0"
"977","0.0","0.0"
"978","0.0","0.0"
"979","0.003715000000006796","-0.009925000000002626"
"980","0.0","0.0"
"981","0.0","0.0"
"982","0.0","0.0"
"983","0.0","0.0"
"984","0.004499999999993065","-0.013030000000000541"
"985","0.0","0.0"
"986","0.0","0.0"
"987","0.0","0.0"
"988","0.0","0.0"
"989","0.0","0.0"
"990","0.0","0.0"
"991","0.012276666666666713","-0.03373000000000085"
"992","0.0","0.0"
"993","0.02155999999999736","-0.0019900000000063756"
"994","0.007360000000000255","-0.008910000000000196"
"995","0.0","0.0"
"996","0.0","0.0"
"997","0.0","0.0"
"998","0.0","0.0"
"999","0.0","0.0"
"1000","0.0","0.0"
"1001","0.0","0.0"
"1002","0.0","0.0"
"1003","0.0","0.0"
"1004","0.0","0.0"
"1005","0.01084666666666815","-0.010929999999999515"
"1006","0.007596666666669212","-0.003890000000000763"
"1007","0.02043000000000461","-0.005330000000000723"
"1008","0.011300000000002086","-0.005504999999995874"
"1009","0.0","0.0"
"1010","0.001683750000000206","-0.001898437500000516"
"1011","0.0","0.0"
"1012","0.00212999999999397","-0.002659999999991669"
"1013","0.0","0.0"
"1014","0.017240000000001032","-0.020099999999992235"
"1015","0.013419999999999987","-0.008579999999998478"
"1016","0.010636666666665443","-0.01341666666666678"
"1017","6.600000000034356E-4","-0.001389999999993563"
"1018","0.002419999999997202","-0.013374999999999915"
"1019","0.0","0.0"
"1020","0.0","0.0"
"1021","0.00497666666665945","-0.0077533333333382375"
"1022","0.001580000000011239","-0.00556999999999519"
"1023","0.0019950000000079626","-0.006149999999998101"
"1024","0.0","0.0"
"1025","0.0","0.0"
"1026","0.001010000000007949","-0.007459999999994693"
"1027","0.0","0.0"
"1028","0.0","0.0"
"1029","0.0","0.0"
"1030","0.0","0.0"
"1031","0.0","0.0"
"1032","0.0","0.0"
"1033","0.0","0.0"
"1034","0.0","0.0"
"1035","0.0","0.0"
"1036","0.0","0.0"
"1037","0.0","0.0"
"1038","0.010500000000000398","-0.0036300000000011323"
"1039","0.0","0.0"
"1040","0.0","0.0"
"1041","0.013624999999999332","-0.014030000000001763"
"1042","0.014115999999999218","-0.006851999999999236"
"1043","0.012315000000000076","-0.01262750000000068"
"1044","0.006390000000003226","-0.015853333333334756"
"1045","0.0","0.0"
"1046","0.0","0.0"
"1047","0.016479999999999606","-0.020880000000001786"
"1048","0.0","0.0"
"1049","0.0","0.0"
"1050","0.0","0.0"
"1051","0.0","0.0"
"1052","0.0","0.0"
"1053","0.0","0.0"
"1054","0.0","0.0"
"1055","0.0","0.0"
"1056","0.013870000000004268","-0.014170000000000016"
"1057","0.006025000000001057","-0.0018899999999995032"
"1058","0.006099999999999994","-0.0072050000000025705"
"1059","0.005940000000002499","-0.004449999999998511"
"1060","0.0","0.0"
"1061","4.100000000022419E-4","-0.02177000000000362"
"1062","0.006519999999999489","-0.009713333333335092"
"1063","0.0","0.0"
"1064","0.0035100000000127807","-0.0073999999999969646"
"1065","0.0","0.0"
"1066","0.0030999999999892225","-0.0023999999999944066"
"1067","0.001515000000004818","-0.0075649999999996"
"1068","0.005209999999991055","-0.002060000000000173"
"1069","0.008145333333330503","-0.007619999999998584"
"1070","0.012641999999991072","-0.004291999999999518"
"1071","0.006295714285719052","-0.0035628571428562494"
"1072","0.003469999999997716","-0.005796666666661565"
"1073","0.007289999999983365","-0.01713000000000875"
"1074","0.006600000000001198","-0.011083333333334148"
"1075","0.00885666666667125","-0.00599333333333026"
"1076","0.0","0.0"
"1077","6.199999999978445E-4","-0.029549999999993304"
"1078","0.0","0.0"
"1079","0.0","0.0"
"1080","0.0","0.0"
"1081","0.0","0.0"
"1082","0.0","0.0"
"1083","0.0","0.0"
"1084","0.0","0.0"
"1085","0.018878000000000127","-0.01786999999999921"
"1086","0.0","0.0"
"1087","0.0","0.0"
"1088","0.0","0.0"
"1089","0.0","0.0"
"1090","0.0","0.0"
"1091","0.01154500000000347","-0.006060000000008614"
"1092","0.014507500000000562","-0.00683000000000078"
"1093","0.007606666666665281","-0.010129999999996642"
"1094","0.009174999999999933","-0.009462499999999707"
"1095","0.018599999999999284","-0.0033050000000010016"
"1096","0.004933333333333678","-0.004990000000001753"
"1097","0.009050000000000225","-0.003917499999998242"
"1098","0.009940000000000282","-0.011659999999999116"
"1099","0.011443333333327624","-0.002786666666667751"
"1100","0.011458000000000367","-0.005692000000000519"
"1101","0.0","0.0"
"1102","0.004950000000000898","-0.0037999999999996704"
"1103","0.0","0.0"
"1104","0.0","0.0"
"1105","0.0","0.0"
"1106","0.0","0.0"
"1107","0.015899999999994918","-0.010290000000004795"
"1108","0.0027949999999989927","-0.0016549999999959653"
"1109","0.0","0.0"
"1110","0.003680000000000424","-0.013393333333333146"
"1111","4.60000000000349E-4","-0.005559999999999121"
"1112","0.0053366666666624","-0.007806666666664815"
"1113","0.0","0.0"
"1114","0.002300000000005298","-0.006629999999994141"
"1115","0.0","0.0"
"1116","0.0","0.0"
"1117","0.0035650000000018167","-0.0051349999999992235"
"1118","0.005495000000003358","-0.007754000000000616"
"1119","0.002730769230769152","-0.009812307692305157"
"1120","0.0045833333333339015","-0.004451666666668075"
"1121","0.0036062500000024755","-0.009443750000000861"
"1122","0.008776666666669541","-0.011935000000002324"
"1123","0.0055025000000039626","-0.008949999999998681"
"1124","0.003732352941175818","-0.00313999999999962"
"1125","0.0019399999999999789","-0.004106666666667517"
"1126","0.002949999999998454","-0.023189999999992494"
"1127","0.0","0.0"
"1128","0.0","0.0"
"1129","0.0","0.0"
"1130","0.0","0.0"
"1131","0.0","0.0"
"1132","0.0","0.0"
"1133","0.021620000000000122","-0.025690000000002062"
"1134","0.006111999999999895","-0.014690000000000225"
"1135","0.008942500000000297","-0.012505000000000877"
"1136","0.02458666666666609","-0.0045833333333339015"
"1137","0.005710000000000548","-0.007076666666669951"
"1138","0.011437499999999545","-0.02088125000000085"
"1139","0.008294444444444259","-0.01920999999999948"
"1140","0.012383333333333881","-0.019727777777777393"
"1141","0.0","0.0"
"1142","0.0","0.0"
"1143","0.0","0.0"
"1144","0.0","0.0"
"1145","0.0","0.0"
"1146","0.0","0.0"
"1147","0.0","0.0"
"1148","0.0","0.0"
"1149","0.0","0.0"
"1150","0.0","0.0"
"1151","0.0","0.0"
"1152","0.0","0.0"
"1153","0.0","0.0"
"1154","0.0","0.0"
"1155","0.0","0.0"
"1156","0.0","0.0"
"1157","0.0","0.0"
"1158","0.0","0.0"
"1159","0.0043199999999998795","-0.008369999999999322"
"1160","0.0","0.0"
"1161","0.00471499999999736","-7.04999999996403E-4"
"1162","0.002924999999997624","-0.0040250000000057184"
"1163","0.034229999999993765","-0.03543999999998704"
"1164","0.009104999999991037","-0.009035000000004345"
"1165","0.0","0.0"
"1166","0.0021699999999924557","-0.012759999999993"
"1167","9.550000000118075E-4","-0.006804999999996397"
"1168","0.0","0.0"
"1169","0.0","0.0"
"1170","0.0034599999999898046","-0.00601999999999947"
"1171","0.0010400000000032605","-0.0011499999999973198"
"1172","0.00206214285714168","-0.001907857142859269"
"1173","0.0","0.0"
"1174","0.0","0.0"
